{"targets":[{"isStage":true,"name":"Stage","variables":{},"lists":{},"broadcasts":{},"blocks":{},"comments":{},"currentCostume":1,"costumes":[{"assetId":"797b03bdb8cf6ccfc30c0692d533d998","name":"backdrop1","bitmapResolution":2,"md5ext":"797b03bdb8cf6ccfc30c0692d533d998.png","dataFormat":"png","rotationCenterX":480,"rotationCenterY":360},{"assetId":"04d18ddd1b85f0ea30beb14b8da49f60","name":"Colorful City","bitmapResolution":2,"md5ext":"04d18ddd1b85f0ea30beb14b8da49f60.png","dataFormat":"png","rotationCenterX":480,"rotationCenterY":360}],"sounds":[{"assetId":"83a9787d4cb6f3b7632b4ddfebf74367","name":"pop","dataFormat":"wav","format":"","rate":44100,"sampleCount":1032,"md5ext":"83a9787d4cb6f3b7632b4ddfebf74367.wav"}],"volume":100,"layerOrder":0,"tempo":60,"videoTransparency":50,"videoState":"off","textToSpeechLanguage":null},{"isStage":false,"name":"Sprite1","variables":{},"lists":{},"broadcasts":{},"blocks":{"Y?@w?=v=u_*~D65)gW50":{"opcode":"motion_glideto","next":null,"parent":"!PEKu1=,8T#h6c7R:$|O","inputs":{"SECS":[1,[4,"1"]],"TO":[1,"6o{sdYFba.C(!lBD|HDF"]},"fields":{},"shadow":false,"topLevel":false},"6o{sdYFba.C(!lBD|HDF":{"opcode":"motion_glideto_menu","next":null,"parent":"Y?@w?=v=u_*~D65)gW50","inputs":{},"fields":{"TO":["_random_",null]},"shadow":true,"topLevel":false},"!PEKu1=,8T#h6c7R:$|O":{"opcode":"control_forever","next":null,"parent":"Z1!./MQN#vLt#h0_t[7n","inputs":{"SUBSTACK":[2,"Y?@w?=v=u_*~D65)gW50"]},"fields":{},"shadow":false,"topLevel":false},"Z1!./MQN#vLt#h0_t[7n":{"opcode":"event_whenflagclicked","next":"!PEKu1=,8T#h6c7R:$|O","parent":null,"inputs":{},"fields":{},"shadow":false,"topLevel":true,"x":435,"y":308}},"comments":{},"currentCostume":0,"costumes":[{"assetId":"bcaaa8547a07cfe572c0967ba829e99d","name":"costume1","bitmapResolution":1,"md5ext":"bcaaa8547a07cfe572c0967ba829e99d.svg","dataFormat":"svg","rotationCenterX":47,"rotationCenterY":55},{"assetId":"11d6c5fbd91e433a1b85a00fd9dd43b6","name":"costume2","bitmapResolution":1,"md5ext":"11d6c5fbd91e433a1b85a00fd9dd43b6.svg","dataFormat":"svg","rotationCenterX":47,"rotationCenterY":55}],"sounds":[{"assetId":"83c36d806dc92327b9e7049a565c6bff","name":"meow","dataFormat":"wav","format":"","rate":44100,"sampleCount":37376,"md5ext":"83c36d806dc92327b9e7049a565c6bff.wav"}],"volume":100,"layerOrder":1,"visible":true,"x":167.15300000000002,"y":-39.062,"size":100,"direction":90,"draggable":false,"rotationStyle":"all around"}],"monitors":[],"extensions":[],"meta":{"semver":"3.0.0","vm":"0.2.0-prerelease.20190520172914","agent":"Mozilla/5.0 (Macintosh; Intel Mac OS X 10_14_4) AppleWebKit/537.36 (KHTML, like Gecko) Chrome/74.0.3729.157 Safari/537.36"}}