{
	"objName": "Stage",
	"variables": [{
			"name": "Lat",
			"value": "44.799871",
			"isPersistent": false
		},
		{
			"name": "Lon",
			"value": "-68.985443",
			"isPersistent": false
		},
		{
			"name": "Lat Opp",
			"value": -44.799871,
			"isPersistent": false
		},
		{
			"name": "Lon Opp",
			"value": 111.014557,
			"isPersistent": false
		}],
	"scripts": [[35,
			136,
			[["whenIReceive", "Set Map"],
				["setMapZoom:", 5],
				["showMap:", ["concatenate:with:", ["concatenate:with:", ["readVariable", "Lat Opp"], ","], ["readVariable", "Lon Opp"]]],
				["addMapMarker:", ["concatenate:with:", ["concatenate:with:", ["readVariable", "Lat Opp"], ","], ["readVariable", "Lon Opp"]]]]]],
	"sounds": [{
			"soundName": "pop",
			"soundID": -1,
			"md5": "83a9787d4cb6f3b7632b4ddfebf74367.wav",
			"sampleCount": 258,
			"rate": 11025,
			"format": ""
		}],
	"costumes": [{
			"costumeName": "backdrop1",
			"baseLayerID": -1,
			"baseLayerMD5": "510da64cf172d53750dffd23fbf73563.png",
			"bitmapResolution": 1,
			"rotationCenterX": 240,
			"rotationCenterY": 180
		}],
	"currentCostumeIndex": 0,
	"penLayerMD5": "279467d0d49e152706ed66539b577c00.png",
	"tempoBPM": 60,
	"videoAlpha": 0.5,
	"children": [{
			"objName": "Sprite1",
			"scripts": [[39,
					32,
					[["whenGreenFlag"],
						["show"],
						["doAsk", "What's your Lattitude?"],
						["setVar:to:", "Lat", ["answer"]],
						["doAsk", "What's your Longitutde"],
						["setVar:to:", "Lon", ["answer"]],
						["setVar:to:", "Lat Opp", ["-", 0, ["readVariable", "Lat"]]],
						["setVar:to:", "Lon Opp", ["%", ["+", 180, ["readVariable", "Lon"]], 360]],
						["hide"],
						["broadcast:", "Set Map"]]]],
			"sounds": [{
					"soundName": "meow",
					"soundID": -1,
					"md5": "83c36d806dc92327b9e7049a565c6bff.wav",
					"sampleCount": 18688,
					"rate": 22050,
					"format": ""
				}],
			"costumes": [{
					"costumeName": "costume1",
					"baseLayerID": -1,
					"baseLayerMD5": "f9a1c175dbe2e5dee472858dd30d16bb.svg",
					"bitmapResolution": 1,
					"rotationCenterX": 47,
					"rotationCenterY": 55
				},
				{
					"costumeName": "costume2",
					"baseLayerID": -1,
					"baseLayerMD5": "6e8bd9ae68fdb02b7e1e3df656a75635.svg",
					"bitmapResolution": 1,
					"rotationCenterX": 47,
					"rotationCenterY": 55
				}],
			"currentCostumeIndex": 0,
			"scratchX": 0,
			"scratchY": 0,
			"scale": 1,
			"direction": 90,
			"rotationStyle": "normal",
			"isDraggable": false,
			"indexInLibrary": 1,
			"visible": false,
			"spriteInfo": {
			}
		},
		{
			"target": "Stage",
			"cmd": "getVar:",
			"param": "Lat",
			"color": 15629590,
			"label": "Lat",
			"mode": 1,
			"sliderMin": 0,
			"sliderMax": 100,
			"isDiscrete": true,
			"x": 5,
			"y": 5,
			"visible": false
		},
		{
			"target": "Stage",
			"cmd": "getVar:",
			"param": "Lon",
			"color": 15629590,
			"label": "Lon",
			"mode": 1,
			"sliderMin": 0,
			"sliderMax": 100,
			"isDiscrete": true,
			"x": 5,
			"y": 32,
			"visible": false
		},
		{
			"target": "Stage",
			"cmd": "getVar:",
			"param": "Lat Opp",
			"color": 15629590,
			"label": "Lat Opp",
			"mode": 1,
			"sliderMin": 0,
			"sliderMax": 100,
			"isDiscrete": true,
			"x": 5,
			"y": 59,
			"visible": false
		},
		{
			"target": "Stage",
			"cmd": "getVar:",
			"param": "Lon Opp",
			"color": 15629590,
			"label": "Lon Opp",
			"mode": 1,
			"sliderMin": 0,
			"sliderMax": 100,
			"isDiscrete": true,
			"x": 5,
			"y": 86,
			"visible": false
		}],
	"info": {
		"spriteCount": 1,
		"projectID": "10",
		"hasCloudData": false,
		"flashVersion": "WIN 11,8,800,97",
		"userAgent": "Mozilla\/5.0 (Windows NT 6.1; WOW64) AppleWebKit\/537.36 (KHTML, like Gecko) Chrome\/28.0.1500.72 Safari\/537.36",
		"videoOn": false,
		"scriptCount": 2,
		"swfVersion": "v349"
	}
}