{
	"objName": "Stage",
	"sounds": [{
			"soundName": "pop",
			"soundID": 0,
			"md5": null,
			"sampleCount": 258,
			"rate": 11025,
			"format": ""
		}],
	"costumes": [{
			"costumeName": "background1",
			"baseLayerID": -1,
			"baseLayerMD5": null,
			"rotationCenterX": 240,
			"rotationCenterY": 180
		}],
	"currentCostumeIndex": 0,
	"penLayerMD5": null,
	"tempoBPM": 60,
	"children": [{
			"objName": "Sprite1",
			"scripts": [[16, 106, [["whenKeyPressed", "a"], ["turnRight:", 15]]],
				[14, 31, [["whenKeyPressed", "space"], ["forward:", 10]]],
				[47,
					210,
					[["doForever",
							[["doIf", ["keyPressed:", "space"], [["forward:", 10]]],
								["doIf", ["keyPressed:", "a"], [["turnRight:", 15]]]]]]]],
			"sounds": [{
					"soundName": "meow",
					"soundID": 0,
					"md5": null,
					"sampleCount": 18688,
					"rate": 22050,
					"format": ""
				}],
			"costumes": [{
					"costumeName": "costume1",
					"baseLayerID": -1,
					"baseLayerMD5": null,
					"rotationCenterX": 47,
					"rotationCenterY": 55
				},
				{
					"costumeName": "costume2",
					"baseLayerID": -1,
					"baseLayerMD5": null,
					"rotationCenterX": 47,
					"rotationCenterY": 55
				}],
			"currentCostumeIndex": 0,
			"scratchX": -92.78123000118043,
			"scratchY": 25.76090845750157,
			"scale": 1.0000000002328306,
			"direction": -75,
			"rotationStyle": "normal",
			"isDraggable": false,
			"indexInLibrary": 1,
			"visible": true,
			"spriteInfo": {
			}
		}],
	"info": {
		"language": "en",
		"comment": "",
		"scratch-version": "1.4 of 30-Jun-09",
		"os-version": "1058",
		"author": "johnm",
		"history": "2010-3-3 18:32:43\tshare\ttest2\tjohnm\t\r",
		"platform": "Mac OS"
	}
}