{"targets":[{"isStage":true,"name":"Stage","variables":{},"lists":{},"broadcasts":{"broadcastMsgId-foto kristina":"foto kristina","broadcastMsgId-corazones":"corazones"},"blocks":{"[Nw.H,n+=b(@(fq)`36?":{"opcode":"event_whenflagclicked","next":"MfxPt.F-G3D5BF3.Hq]2","parent":null,"inputs":{},"fields":{},"shadow":false,"topLevel":true,"x":98,"y":161},"MfxPt.F-G3D5BF3.Hq]2":{"opcode":"looks_switchbackdropto","next":null,"parent":"[Nw.H,n+=b(@(fq)`36?","inputs":{"BACKDROP":[1,"(M5}MfnEc(r6GNXglL1}"]},"fields":{},"shadow":false,"topLevel":false},"(M5}MfnEc(r6GNXglL1}":{"opcode":"looks_backdrops","next":null,"parent":"MfxPt.F-G3D5BF3.Hq]2","inputs":{},"fields":{"BACKDROP":["toscanninis"]},"shadow":true,"topLevel":false},"]6rg!c.gt4p@`ayZg~E#":{"opcode":"event_whenbroadcastreceived","next":"T}GcC_Cg7tUdg3E3n5~+","parent":null,"inputs":{},"fields":{"BROADCAST_OPTION":["foto kristina","broadcastMsgId-foto kristina"]},"shadow":false,"topLevel":true,"x":99,"y":367},"T}GcC_Cg7tUdg3E3n5~+":{"opcode":"looks_switchbackdropto","next":null,"parent":"]6rg!c.gt4p@`ayZg~E#","inputs":{"BACKDROP":[1,"9#;Pl9ZT6TG+S3qI`~Gg"]},"fields":{},"shadow":false,"topLevel":false},"9#;Pl9ZT6TG+S3qI`~Gg":{"opcode":"looks_backdrops","next":null,"parent":"T}GcC_Cg7tUdg3E3n5~+","inputs":{},"fields":{"BACKDROP":["kristina"]},"shadow":true,"topLevel":false}},"comments":{},"currentCostume":1,"costumes":[{"assetId":"a8ef4905050710cf39028c994ed22cc2","name":"toscanninis","bitmapResolution":2,"md5ext":"a8ef4905050710cf39028c994ed22cc2.png","dataFormat":"png","rotationCenterX":480,"rotationCenterY":360},{"assetId":"18fe10171b00df7777bca36fbfe65ab4","name":"kristina","bitmapResolution":2,"md5ext":"18fe10171b00df7777bca36fbfe65ab4.png","dataFormat":"png","rotationCenterX":480,"rotationCenterY":360}],"sounds":[{"assetId":"b7f1cf69dbc50db1e9da5252dc8e585d","name":"pop","dataFormat":"wav","format":"","rate":48000,"sampleCount":1123,"md5ext":"b7f1cf69dbc50db1e9da5252dc8e585d.wav"}],"volume":100,"layerOrder":0,"tempo":0,"videoTransparency":50,"videoState":"on","textToSpeechLanguage":null},{"isStage":false,"name":"girl","variables":{},"lists":{},"broadcasts":{},"blocks":{"O8!+xd_vJZ=d{Nqlhb-O":{"opcode":"event_whenthisspriteclicked","next":"Pm#?BR7%zBqCUiOpX)g_","parent":null,"inputs":{},"fields":{},"shadow":false,"topLevel":true,"x":36,"y":81},"Pm#?BR7%zBqCUiOpX)g_":{"opcode":"looks_thinkforsecs","next":null,"parent":"O8!+xd_vJZ=d{Nqlhb-O","inputs":{"MESSAGE":[1,[10,"those fruit tarts are delicious"]],"SECS":[1,[4,5]]},"fields":{},"shadow":false,"topLevel":false},"1P^vsoEsqGj)-j@:_I4{":{"opcode":"event_whenbroadcastreceived","next":"fk%a{yzGFBh2XNazd%yy","parent":null,"inputs":{},"fields":{"BROADCAST_OPTION":["foto kristina","broadcastMsgId-foto kristina"]},"shadow":false,"topLevel":true,"x":39,"y":409},"fk%a{yzGFBh2XNazd%yy":{"opcode":"looks_hide","next":null,"parent":"1P^vsoEsqGj)-j@:_I4{","inputs":{},"fields":{},"shadow":false,"topLevel":false},"^cQqSLhPQnJfYlI5j|-a":{"opcode":"event_whenflagclicked","next":"a82g?JD@KK??}}bJw2?c","parent":null,"inputs":{},"fields":{},"shadow":false,"topLevel":true,"x":85,"y":627},"a82g?JD@KK??}}bJw2?c":{"opcode":"looks_show","next":null,"parent":"^cQqSLhPQnJfYlI5j|-a","inputs":{},"fields":{},"shadow":false,"topLevel":false}},"comments":{},"currentCostume":0,"costumes":[{"assetId":"01bbe351ff9089ad3accc2494cfc78db","name":"costume","bitmapResolution":2,"md5ext":"01bbe351ff9089ad3accc2494cfc78db.png","dataFormat":"png","rotationCenterX":126,"rotationCenterY":130}],"sounds":[{"assetId":"b7f1cf69dbc50db1e9da5252dc8e585d","name":"pop","dataFormat":"wav","format":"","rate":48000,"sampleCount":1123,"md5ext":"b7f1cf69dbc50db1e9da5252dc8e585d.wav"},{"assetId":"22bdaaf55147b29ceec9b006166a7b31","name":"meow","dataFormat":"wav","format":"","rate":48000,"sampleCount":28351,"md5ext":"22bdaaf55147b29ceec9b006166a7b31.wav"}],"volume":100,"layerOrder":1,"visible":false,"x":-149,"y":-9,"size":100,"direction":-270,"draggable":false,"rotationStyle":"all around"},{"isStage":false,"name":"mesa","variables":{},"lists":{},"broadcasts":{},"blocks":{"@3xq@-:GY55r,,GIHC@R":{"opcode":"event_whenthisspriteclicked","next":"MyHuMevq^3%L^w;ILjm7","parent":null,"inputs":{},"fields":{},"shadow":false,"topLevel":true,"x":93,"y":249},"MyHuMevq^3%L^w;ILjm7":{"opcode":"event_broadcast","next":null,"parent":"@3xq@-:GY55r,,GIHC@R","inputs":{"BROADCAST_INPUT":[1,[11,"foto kristina","broadcastMsgId-foto kristina"]]},"fields":{},"shadow":false,"topLevel":false},"mB,BfO@W6VNC.)}V7:Cq":{"opcode":"event_whenflagclicked","next":"{ng}7:YsWX7+Ghc.j@@z","parent":null,"inputs":{},"fields":{},"shadow":false,"topLevel":true,"x":80,"y":506},"{ng}7:YsWX7+Ghc.j@@z":{"opcode":"looks_show","next":null,"parent":"mB,BfO@W6VNC.)}V7:Cq","inputs":{},"fields":{},"shadow":false,"topLevel":false},"Uz0Y9nng)35:ERiC+y6#":{"opcode":"event_whenbroadcastreceived","next":"m6cU:Bl(J.ttik30)t7,","parent":null,"inputs":{},"fields":{"BROADCAST_OPTION":["foto kristina","broadcastMsgId-foto kristina"]},"shadow":false,"topLevel":true,"x":81,"y":730},"m6cU:Bl(J.ttik30)t7,":{"opcode":"looks_hide","next":null,"parent":"Uz0Y9nng)35:ERiC+y6#","inputs":{},"fields":{},"shadow":false,"topLevel":false}},"comments":{},"currentCostume":0,"costumes":[{"assetId":"3230311799aa333786b9aefa75f93602","name":"costume","bitmapResolution":2,"md5ext":"3230311799aa333786b9aefa75f93602.png","dataFormat":"png","rotationCenterX":146,"rotationCenterY":54}],"sounds":[{"assetId":"b7f1cf69dbc50db1e9da5252dc8e585d","name":"pop","dataFormat":"wav","format":"","rate":48000,"sampleCount":1123,"md5ext":"b7f1cf69dbc50db1e9da5252dc8e585d.wav"},{"assetId":"22bdaaf55147b29ceec9b006166a7b31","name":"meow","dataFormat":"wav","format":"","rate":48000,"sampleCount":28351,"md5ext":"22bdaaf55147b29ceec9b006166a7b31.wav"}],"volume":100,"layerOrder":2,"visible":false,"x":160,"y":-156,"size":100,"direction":-270,"draggable":false,"rotationStyle":"all around"},{"isStage":false,"name":"ipod","variables":{},"lists":{},"broadcasts":{},"blocks":{"HrrP=`E5=x/3Pa:ZX)]@":{"opcode":"event_whenflagclicked","next":"2QXg/VPj9_3|Ld`@SpC;","parent":null,"inputs":{},"fields":{},"shadow":false,"topLevel":true,"x":30,"y":264},"2QXg/VPj9_3|Ld`@SpC;":{"opcode":"looks_hide","next":null,"parent":"HrrP=`E5=x/3Pa:ZX)]@","inputs":{},"fields":{},"shadow":false,"topLevel":false},":{]fQkWQ)Z;+Y`I4P*06":{"opcode":"event_whenbroadcastreceived","next":"IF44?lU:JUW6Lpi.+|tJ","parent":null,"inputs":{},"fields":{"BROADCAST_OPTION":["foto kristina","broadcastMsgId-foto kristina"]},"shadow":false,"topLevel":true,"x":30,"y":414},"IF44?lU:JUW6Lpi.+|tJ":{"opcode":"looks_show","next":null,"parent":":{]fQkWQ)Z;+Y`I4P*06","inputs":{},"fields":{},"shadow":false,"topLevel":false},"nYwEd`HV!.:A8=qALeBb":{"opcode":"event_whenthisspriteclicked","next":";0mT,#/:h8YhF-f0}VR.","parent":null,"inputs":{},"fields":{},"shadow":false,"topLevel":true,"x":128,"y":561},";0mT,#/:h8YhF-f0}VR.":{"opcode":"looks_sayforsecs","next":null,"parent":"nYwEd`HV!.:A8=qALeBb","inputs":{"MESSAGE":[1,[10,"my ipod has cool music"]],"SECS":[1,[4,3]]},"fields":{},"shadow":false,"topLevel":false},"7T#i;N{8q#_i22m[Ij,Y":{"opcode":"event_whenthisspriteclicked","next":"QU*cO_#N,f_fES.Wun^-","parent":null,"inputs":{},"fields":{},"shadow":false,"topLevel":true,"x":104,"y":57},"QU*cO_#N,f_fES.Wun^-":{"opcode":"sound_play","next":null,"parent":"7T#i;N{8q#_i22m[Ij,Y","inputs":{"SOUND_MENU":[1,"a-P_o@8J(af+k+FGFdMb"]},"fields":{},"shadow":false,"topLevel":false},"a-P_o@8J(af+k+FGFdMb":{"opcode":"sound_sounds_menu","next":null,"parent":"QU*cO_#N,f_fES.Wun^-","inputs":{},"fields":{"SOUND_MENU":["Beatbox"]},"shadow":true,"topLevel":false}},"comments":{},"currentCostume":0,"costumes":[{"assetId":"adc3a8a6fa43de11cecffbb7532962f0","name":"costume","bitmapResolution":2,"md5ext":"adc3a8a6fa43de11cecffbb7532962f0.png","dataFormat":"png","rotationCenterX":34,"rotationCenterY":36}],"sounds":[{"assetId":"b7f1cf69dbc50db1e9da5252dc8e585d","name":"pop","dataFormat":"wav","format":"","rate":48000,"sampleCount":1123,"md5ext":"b7f1cf69dbc50db1e9da5252dc8e585d.wav"},{"assetId":"22bdaaf55147b29ceec9b006166a7b31","name":"meow","dataFormat":"wav","format":"","rate":48000,"sampleCount":28351,"md5ext":"22bdaaf55147b29ceec9b006166a7b31.wav"},{"assetId":"63a42a31c5ee83c101d1181a46efaa14","name":"Beatbox","dataFormat":"wav","format":"","rate":48000,"sampleCount":150160,"md5ext":"63a42a31c5ee83c101d1181a46efaa14.wav"}],"volume":100,"layerOrder":6,"visible":true,"x":-65,"y":45,"size":100,"direction":-270,"draggable":false,"rotationStyle":"all around"},{"isStage":false,"name":"corazon1","variables":{},"lists":{},"broadcasts":{},"blocks":{"5DGnA/)r=fWZS{pv@sqR":{"opcode":"event_whenflagclicked","next":"Fcq/9oqc1844~J7PWx1+","parent":null,"inputs":{},"fields":{},"shadow":false,"topLevel":true,"x":30,"y":539},"Fcq/9oqc1844~J7PWx1+":{"opcode":"looks_hide","next":"@n#kUTy#;p*==OZ_;Hmu","parent":"5DGnA/)r=fWZS{pv@sqR","inputs":{},"fields":{},"shadow":false,"topLevel":false},"@n#kUTy#;p*==OZ_;Hmu":{"opcode":"looks_cleargraphiceffects","next":null,"parent":"Fcq/9oqc1844~J7PWx1+","inputs":{},"fields":{},"shadow":false,"topLevel":false},"Q(.(rbN!G8jRl.e{6C^n":{"opcode":"event_whenbroadcastreceived","next":"k:~+1@`tI)e:H9yKL|w0","parent":null,"inputs":{},"fields":{"BROADCAST_OPTION":["corazones","broadcastMsgId-corazones"]},"shadow":false,"topLevel":true,"x":30,"y":44},"k:~+1@`tI)e:H9yKL|w0":{"opcode":"control_forever","next":null,"parent":"Q(.(rbN!G8jRl.e{6C^n","inputs":{"SUBSTACK":[2,"c@.wk58*MRB.GQ5*KNW5"]},"fields":{},"shadow":false,"topLevel":false},"c@.wk58*MRB.GQ5*KNW5":{"opcode":"looks_changeeffectby","next":"L2b9+uZ-SV;~{f?-/A+T","parent":"k:~+1@`tI)e:H9yKL|w0","inputs":{"CHANGE":[1,[4,30]]},"fields":{"EFFECT":["fisheye"]},"shadow":false,"topLevel":false},"L2b9+uZ-SV;~{f?-/A+T":{"opcode":"control_wait","next":"XS`c)1q5Te]HJ)]?+-vh","parent":"c@.wk58*MRB.GQ5*KNW5","inputs":{"DURATION":[1,[5,0.5]]},"fields":{},"shadow":false,"topLevel":false},"XS`c)1q5Te]HJ)]?+-vh":{"opcode":"looks_changeeffectby","next":"oRSCN)u,{B+pO~YPNn{N","parent":"L2b9+uZ-SV;~{f?-/A+T","inputs":{"CHANGE":[1,[4,-30]]},"fields":{"EFFECT":["fisheye"]},"shadow":false,"topLevel":false},"oRSCN)u,{B+pO~YPNn{N":{"opcode":"control_wait","next":null,"parent":"XS`c)1q5Te]HJ)]?+-vh","inputs":{"DURATION":[1,[5,0.5]]},"fields":{},"shadow":false,"topLevel":false},"(10Q%;=-,D[6|TPMX/a`":{"opcode":"event_whenbroadcastreceived","next":"jATv]|3vP6#b[I*nD)sb","parent":null,"inputs":{},"fields":{"BROADCAST_OPTION":["corazones","broadcastMsgId-corazones"]},"shadow":false,"topLevel":true,"x":30,"y":389},"jATv]|3vP6#b[I*nD)sb":{"opcode":"looks_show","next":null,"parent":"(10Q%;=-,D[6|TPMX/a`","inputs":{},"fields":{},"shadow":false,"topLevel":false}},"comments":{},"currentCostume":0,"costumes":[{"assetId":"b89e7bb46f49c569eebe818b12ce5d7e","name":"costume1","bitmapResolution":2,"md5ext":"b89e7bb46f49c569eebe818b12ce5d7e.png","dataFormat":"png","rotationCenterX":148,"rotationCenterY":140}],"sounds":[{"assetId":"b7f1cf69dbc50db1e9da5252dc8e585d","name":"pop","dataFormat":"wav","format":"","rate":48000,"sampleCount":1123,"md5ext":"b7f1cf69dbc50db1e9da5252dc8e585d.wav"},{"assetId":"22bdaaf55147b29ceec9b006166a7b31","name":"meow","dataFormat":"wav","format":"","rate":48000,"sampleCount":28351,"md5ext":"22bdaaf55147b29ceec9b006166a7b31.wav"}],"volume":100,"layerOrder":4,"visible":false,"x":-73,"y":131,"size":31.575354599702106,"direction":61.69924400000002,"draggable":false,"rotationStyle":"all around"},{"isStage":false,"name":"corazon4","variables":{},"lists":{},"broadcasts":{},"blocks":{"wm:]U#h3.XzqU+{s3Me2":{"opcode":"event_whenflagclicked","next":"UUo~8BRmAnBxU5b6i~u6","parent":null,"inputs":{},"fields":{},"shadow":false,"topLevel":true,"x":30,"y":44},"UUo~8BRmAnBxU5b6i~u6":{"opcode":"looks_hide","next":"SgyU*^lmV]mehI|Nq%B+","parent":"wm:]U#h3.XzqU+{s3Me2","inputs":{},"fields":{},"shadow":false,"topLevel":false},"SgyU*^lmV]mehI|Nq%B+":{"opcode":"looks_cleargraphiceffects","next":null,"parent":"UUo~8BRmAnBxU5b6i~u6","inputs":{},"fields":{},"shadow":false,"topLevel":false},"KUbtaY[QvaMl+Tq6vOY;":{"opcode":"event_whenbroadcastreceived","next":"~#N[w_/mc=YX^MIsT@Ks","parent":null,"inputs":{},"fields":{"BROADCAST_OPTION":["corazones","broadcastMsgId-corazones"]},"shadow":false,"topLevel":true,"x":30,"y":581},"~#N[w_/mc=YX^MIsT@Ks":{"opcode":"control_forever","next":null,"parent":"KUbtaY[QvaMl+Tq6vOY;","inputs":{"SUBSTACK":[2,"K}_nyW3#)OXMlG`PPEh5"]},"fields":{},"shadow":false,"topLevel":false},"K}_nyW3#)OXMlG`PPEh5":{"opcode":"looks_changeeffectby","next":"QcnUV0}y00}W6t6(]FWt","parent":"~#N[w_/mc=YX^MIsT@Ks","inputs":{"CHANGE":[1,[4,30]]},"fields":{"EFFECT":["color"]},"shadow":false,"topLevel":false},"QcnUV0}y00}W6t6(]FWt":{"opcode":"control_wait","next":":^;@jo/|Y|}CIEt{d`A?","parent":"K}_nyW3#)OXMlG`PPEh5","inputs":{"DURATION":[1,[5,0.5]]},"fields":{},"shadow":false,"topLevel":false},":^;@jo/|Y|}CIEt{d`A?":{"opcode":"looks_changeeffectby","next":"Hef0|K;%{]dJE;KsjOK/","parent":"QcnUV0}y00}W6t6(]FWt","inputs":{"CHANGE":[1,[4,-30]]},"fields":{"EFFECT":["color"]},"shadow":false,"topLevel":false},"Hef0|K;%{]dJE;KsjOK/":{"opcode":"control_wait","next":null,"parent":":^;@jo/|Y|}CIEt{d`A?","inputs":{"DURATION":[1,[5,0.5]]},"fields":{},"shadow":false,"topLevel":false},":F^@~n=:4tGLn~w,q|o?":{"opcode":"event_whenbroadcastreceived","next":"a_MwOoDhZb9L@JXOVtA9","parent":null,"inputs":{},"fields":{"BROADCAST_OPTION":["corazones","broadcastMsgId-corazones"]},"shadow":false,"topLevel":true,"x":30,"y":933},"a_MwOoDhZb9L@JXOVtA9":{"opcode":"looks_show","next":"bI~f{GL]hV}40W@-/z]6","parent":":F^@~n=:4tGLn~w,q|o?","inputs":{},"fields":{},"shadow":false,"topLevel":false},"bI~f{GL]hV}40W@-/z]6":{"opcode":"sound_play","next":null,"parent":"a_MwOoDhZb9L@JXOVtA9","inputs":{"SOUND_MENU":[1,"_M.}!iVMto?tj;;B0;B-"]},"fields":{},"shadow":false,"topLevel":false},"_M.}!iVMto?tj;;B0;B-":{"opcode":"sound_sounds_menu","next":null,"parent":"bI~f{GL]hV}40W@-/z]6","inputs":{},"fields":{"SOUND_MENU":["Xylo3"]},"shadow":true,"topLevel":false}},"comments":{},"currentCostume":0,"costumes":[{"assetId":"b89e7bb46f49c569eebe818b12ce5d7e","name":"costume1","bitmapResolution":2,"md5ext":"b89e7bb46f49c569eebe818b12ce5d7e.png","dataFormat":"png","rotationCenterX":148,"rotationCenterY":140}],"sounds":[{"assetId":"b7f1cf69dbc50db1e9da5252dc8e585d","name":"pop","dataFormat":"wav","format":"","rate":48000,"sampleCount":1123,"md5ext":"b7f1cf69dbc50db1e9da5252dc8e585d.wav"},{"assetId":"22bdaaf55147b29ceec9b006166a7b31","name":"meow","dataFormat":"wav","format":"","rate":48000,"sampleCount":28351,"md5ext":"22bdaaf55147b29ceec9b006166a7b31.wav"},{"assetId":"acf436a94e170baa2bfebed7fba6ab7e","name":"Xylo3","dataFormat":"wav","format":"","rate":48000,"sampleCount":469881,"md5ext":"acf436a94e170baa2bfebed7fba6ab7e.wav"}],"volume":100,"layerOrder":3,"visible":false,"x":54,"y":90,"size":31.575354599702106,"direction":-212.471192,"draggable":false,"rotationStyle":"all around"},{"isStage":false,"name":"kfoto","variables":{},"lists":{},"broadcasts":{},"blocks":{"Pc^`F]][{G;N4Hc7thmt":{"opcode":"event_whenthisspriteclicked","next":"@@Gj4U4x!vDk(6K3Hz,|","parent":null,"inputs":{},"fields":{},"shadow":false,"topLevel":true,"x":99,"y":326},"@@Gj4U4x!vDk(6K3Hz,|":{"opcode":"looks_thinkforsecs","next":"e.D?jL~:DAl;IC^2T:I(","parent":"Pc^`F]][{G;N4Hc7thmt","inputs":{"MESSAGE":[1,[10,"i love andres"]],"SECS":[1,[4,3]]},"fields":{},"shadow":false,"topLevel":false},"e.D?jL~:DAl;IC^2T:I(":{"opcode":"event_broadcast","next":null,"parent":"@@Gj4U4x!vDk(6K3Hz,|","inputs":{"BROADCAST_INPUT":[1,[11,"corazones","broadcastMsgId-corazones"]]},"fields":{},"shadow":false,"topLevel":false},"izRQtDSTcf[!Yx?u][X7":{"opcode":"event_whenflagclicked","next":"BOOF3-l(T|)-/H?q{i#z","parent":null,"inputs":{},"fields":{},"shadow":false,"topLevel":true,"x":48,"y":110},"BOOF3-l(T|)-/H?q{i#z":{"opcode":"looks_hide","next":null,"parent":"izRQtDSTcf[!Yx?u][X7","inputs":{},"fields":{},"shadow":false,"topLevel":false},"uHT-1iqQD*uZciT?h/4O":{"opcode":"event_whenbroadcastreceived","next":"~mqUT{,2GRSAM`jiC{X-","parent":null,"inputs":{},"fields":{"BROADCAST_OPTION":["foto kristina","broadcastMsgId-foto kristina"]},"shadow":false,"topLevel":true,"x":74,"y":618},"~mqUT{,2GRSAM`jiC{X-":{"opcode":"looks_show","next":null,"parent":"uHT-1iqQD*uZciT?h/4O","inputs":{},"fields":{},"shadow":false,"topLevel":false}},"comments":{},"currentCostume":0,"costumes":[{"assetId":"ed5b6a0e05fdbb71e4ca6b86fa7b20b4","name":"costume","bitmapResolution":2,"md5ext":"ed5b6a0e05fdbb71e4ca6b86fa7b20b4.png","dataFormat":"png","rotationCenterX":150,"rotationCenterY":172}],"sounds":[{"assetId":"b7f1cf69dbc50db1e9da5252dc8e585d","name":"pop","dataFormat":"wav","format":"","rate":48000,"sampleCount":1123,"md5ext":"b7f1cf69dbc50db1e9da5252dc8e585d.wav"},{"assetId":"22bdaaf55147b29ceec9b006166a7b31","name":"meow","dataFormat":"wav","format":"","rate":48000,"sampleCount":28351,"md5ext":"22bdaaf55147b29ceec9b006166a7b31.wav"}],"volume":100,"layerOrder":5,"visible":true,"x":-57,"y":26,"size":100,"direction":-270,"draggable":false,"rotationStyle":"all around"}],"monitors":[],"extensions":[],"meta":{"semver":"3.0.0","vm":"0.2.0-prerelease.20211110140254","agent":"Mozilla/5.0 (Macintosh; Intel Mac OS X 10_15_7) AppleWebKit/537.36 (KHTML, like Gecko) Chrome/96.0.4664.110 Safari/537.36"}}